{
  "name": "NEW_SS_THEME",
  "component": false,
  "license_url": null,
  "about_url": null,
  "authors": null,
  "theme_version": null,
  "minimum_discourse_version": null,
  "maximum_discourse_version": null,
  "assets": {
    "api": "assets/api.png",
    "banner": "assets/banner.svg",
    "banner-new": "assets/banner-new.svg",
    "icons-sprite": "assets/icons-sprite.svg",
    "knowledge-base": "assets/knowledge-base.png",
    "people-building-things-community": "assets/people-building-things-community.png",
    "right": "assets/right.svg"
  },
  "color_schemes": {
    "Light": {
      "primary": "222222",
      "secondary": "ffffff",
      "tertiary": "000000",
      "quaternary": "e45735",
      "header_background": "ffffff",
      "header_primary": "333333",
      "highlight": "fafafa",
      "danger": "e45735",
      "success": "009900",
      "love": "fa6c8d"
    }
  },
  "modifiers": {
  },
  "learn_more": "https://meta.discourse.org/t/beginners-guide-to-using-discourse-themes/91966"
}